{"train-loss":7.3375,"learning-rate":0.00010000024922608902,"val-loss":7.225051229508197,"val-perplexity":1373.4089728932256,"_wandb":{"runtime":66},"_runtime":66,"_timestamp":1.7592011378114512e+09,"_step":1999}