{
  "val-loss": 7.225051229508197,
  "val-perplexity": 1373.4089728932256
}